native,ident,disposition
auto.code_editor.text,2910,核心
auto.code_editor.cursor_line,2911,核心
auto.code_editor.cursor_col,2912,核心
auto.code_editor.selection_len,2913,核心
auto.code_editor.find,2914,核心
auto.code_editor.set_text,2915,核心
auto.console.log,2916,核心
auto.console.lines,2917,核心
auto.console.clear,2918,核心
auto.code_editor.undo,2919,核心
auto.code_editor.redo,2920,核心
auto.code_editor.select_all,2921,核心
auto.code_editor.cut,2922,核心
auto.code_editor.copy,2923,核心
auto.code_editor.paste,2924,核心
auto.clipboard.text,2925,核心
auto.clipboard.set_text,2926,核心
auto.dialog.open,2927,核心
auto.dialog.save,2928,核心
auto.file.basename,2929,核心
auto.code_editor.fold_toggle,2932,核心
auto.code_editor.fold_hidden_count,2933,核心
auto.list.new,100,核心
auto.list.push,101,核心
auto.list.pop,102,核心
auto.list.len,103,核心
auto.list.is_empty,104,核心
auto.list.clear,105,核心
auto.list.get,106,核心
auto.list.set,107,核心
auto.list.insert,108,核心
auto.list.remove,109,核心
auto.list.drop,110,核心
auto.list.reserve,118,核心
auto.list.capacity,205,核心
auto.list.map,2060,核心
auto.list.filter,2061,核心
auto.list.for_each,2062,核心
auto.list.find,2063,核心
auto.list.any,2064,核心
auto.list.all,2065,核心
auto.list.reduce,2066,核心
auto.list.sort,2067,核心
auto.list.sort_by,2068,核心
auto.list.contains,2069,核心
auto.list.iter,111,核心
auto.iterator.next,112,核心
auto.iterator.map,113,核心
auto.iterator.filter,114,核心
auto.iterator.collect,115,核心
auto.iterator.reduce,116,核心
auto.iterator.find,117,核心
auto.iterator.enumerate,119,核心
auto.hashmap.new,120,核心
auto.hashmap.insert_str,121,核心
auto.hashmap.insert_int,122,核心
auto.hashmap.get_str,123,核心
auto.hashmap.get_int,124,核心
auto.hashmap.contains,125,核心
auto.hashmap.remove,126,核心
auto.hashmap.size,127,核心
auto.hashmap.clear,128,核心
auto.hashmap.drop,129,核心
auto.hashmap.is_empty,1290,核心
auto.hashmap.get_or,1291,核心
auto.hashmap.insert,121,核心
auto.hashmap.get,123,核心
auto.hashmap.keys,1292,核心
auto.hashset.new,1293,核心
auto.hashset.insert,130,核心
auto.hashset.contains,131,核心
auto.hashset.remove,132,核心
auto.hashset.size,133,核心
auto.hashset.clear,134,核心
auto.hashset.drop,135,核心
auto.vecdeque.new,136,核心
auto.vecdeque.push_back,137,核心
auto.vecdeque.push_front,138,核心
auto.vecdeque.pop_back,139,核心
auto.vecdeque.pop_front,140,核心
auto.vecdeque.front,141,核心
auto.vecdeque.back,142,核心
auto.vecdeque.size,143,核心
auto.vecdeque.is_empty,144,核心
auto.vecdeque.clear,145,核心
auto.vecdeque.drop,146,核心
auto.btreemap.new,147,核心
auto.btreemap.insert,148,核心
auto.btreemap.get,149,核心
auto.btreemap.contains,150,核心
auto.btreemap.remove,151,核心
auto.btreemap.size,152,核心
auto.btreemap.is_empty,153,核心
auto.btreemap.clear,154,核心
auto.btreemap.first_key,155,核心
auto.btreemap.last_key,156,核心
auto.btreemap.drop,157,核心
auto.stringbuilder.new,160,核心
auto.stringbuilder.append,161,核心
auto.stringbuilder.append_int,162,核心
auto.stringbuilder.append_char,163,核心
auto.stringbuilder.len,164,核心
auto.stringbuilder.clear,165,核心
auto.stringbuilder.drop,166,核心
auto.stringbuilder.build,167,核心
auto.heap.new,195,核心
auto.heap.capacity,196,核心
auto.heap.try_grow,197,核心
auto.heap.drop,198,核心
auto.inline_int64.new,199,核心
auto.inline_int64.capacity,200,核心
auto.inline_int64.try_grow,201,核心
auto.inline_int64.drop,202,核心
auto.alloc.array,190,核心
auto.realloc.array,191,核心
auto.free.array,192,核心
auto.str.len,170,核心
auto.str.is_empty,1501,核心
auto.str.char_at,1502,核心
auto.str.substr,1503,核心
auto.str.sub,1524,核心
auto.str.slice,1524,核心
auto.str.contains,1504,核心
auto.str.starts_with,1505,核心
auto.str.ends_with,1506,核心
auto.str.trim,1507,核心
auto.str.split,1508,核心
auto.str.repeat,1509,核心
auto.str.replace,1510,核心
auto.str.to_upper,1511,核心
auto.str.to_lower,1512,核心
auto.str.upper,175,核心
auto.str.lower,1512,核心
auto.str.reverse,1513,核心
auto.str.find,1514,核心
auto.str.lines,1515,核心
auto.str.parse_int,1516,核心
auto.str.to_int,1516,核心
auto.str.parse_float,1517,核心
auto.str.new,172,核心
auto.str.push,178,核心
auto.str.pop,179,核心
auto.str.get,180,核心
auto.str.set,181,核心
auto.str.insert,182,核心
auto.str.remove,183,核心
auto.str.clear,184,核心
auto.str.reserve,186,核心
auto.str.bytes,235,核心
auto.int.and,210,核心
auto.int.or,211,核心
auto.int.xor,212,核心
auto.int.not,213,核心
auto.int.shl,214,核心
auto.int.shr,215,核心
auto.int.sar,216,核心
auto.int.rol,217,核心
auto.int.ror,218,核心
auto.int.count_ones,220,核心
auto.int.leading_zeros,221,核心
auto.int.trailing_zeros,222,核心
auto.int.flip,223,核心
auto.int.bit_read,230,核心
auto.int.bit_test,231,核心
auto.int.bit_on,232,核心
auto.int.bit_off,233,核心
auto.int.bit_flip,234,核心
auto.file.read_text,1000,核心
auto.file.write_text,1001,核心
auto.file.exists,1002,核心
auto.file.delete,1003,核心
auto.file.create_dir,1004,核心
auto.file.read_bytes,1005,核心
auto.file.write_bytes,1006,核心
auto.file.copy,1007,核心
auto.file.size,1008,核心
auto.file.is_dir,1009,核心
auto.file.walk,1010,核心
auto.file.append_text,1011,核心
auto.file.read_lines,1012,核心
auto.file.remove_dir,1014,核心
auto.file.remove_dir_all,1015,核心
auto.fs.read_text,1000,核心
auto.fs.read,1000,核心
auto.fs.write_text,1001,核心
auto.fs.write,1001,核心
auto.fs.append_text,1011,核心
auto.fs.append,1011,核心
auto.fs.exists,1002,核心
auto.fs.delete,1003,核心
auto.fs.create_dir,1004,核心
auto.fs.remove_dir,1014,核心
auto.fs.remove_dir_all,1015,核心
auto.fs.read_bytes,1005,核心
auto.fs.write_bytes,1006,核心
auto.fs.copy,1007,核心
auto.fs.size,1008,核心
auto.fs.is_dir,1009,核心
auto.fs.walk,2860,核心
auto.fs.metadata,2861,核心
auto.fs.copy_recursive,2862,核心
auto.fs.filename,2863,核心
auto.fs.parent,2864,核心
auto.fs.join,2865,核心
auto.fs.read_dir,2866,核心
auto.shell.exec_submit,2867,核心
auto.shell.emit_result,2868,核心
auto.shell.emit_show,2869,核心
auto.host.call,2930,核心
auto.host.call_value,2931,核心
auto.rc.live,2940,核心
auto.rc.count,2941,核心
auto.rc.assert_unique,2942,核心
auto.hash.hmac_sha256,2814,核心
auto.hash.file_md5,2815,核心
auto.hash.file_sha256,2816,核心
auto.random._vm_new,2870,核心
auto.random._vm_seeded,2871,核心
auto.random.int,2872,核心
auto.random.float,2873,核心
auto.random.bool,2874,核心
auto.fmt.f64_debug,2752,核心
auto.cmp.str_cmp,2880,核心
auto.datetime.cmp,2794,核心
auto.file.create_handle,1010,核心
auto.file.open_handle,1011,核心
auto.file.write_handle,1012,核心
auto.file.try_clone,1013,核心
auto.env.get,1100,核心
auto.env.set,1101,核心
auto.env.remove,1102,核心
auto.env.get_or,1103,核心
auto.env.local_data_dir,1104,核心
auto.env.home_dir,1105,核心
auto.storage.get,1106,核心
auto.storage.set,1107,核心
auto.storage.remove,1108,核心
auto.time.now_ms,1200,核心
auto.time.now_sec,1201,核心
auto.time.sleep_ms,1202,核心
auto.time.instant_now,1203,核心
auto.time.instant_elapsed,1204,核心
auto.time.now,1205,核心
auto.io.read_line,1150,核心
io.read_line,1150,核心
auto.cell.once_new,2850,核心
auto.cell.once_set,2851,核心
auto.cell.once_get,2852,核心
auto.process.exit,1300,核心
auto.process.args,1301,核心
auto.process.current_dir,1302,核心
auto.process.set_current_dir,1303,核心
auto.process.spawn,1304,剔除(UI/异步)
auto.process.spawn_with_output,1305,剔除(UI/异步)
auto.path.join,1400,核心
auto.path.parent,1401,核心
auto.path.extension,1402,核心
auto.path.filename,1403,核心
auto.path.canonicalize,1404,核心
auto.char.is_alpha,1600,核心
auto.char.is_digit,1601,核心
auto.char.is_alphanum,1602,核心
auto.char.is_whitespace,1603,核心
auto.char.is_ident,1604,核心
auto.char.to_lower,1605,核心
auto.char.to_upper,1606,核心
auto.char.to_str,1607,核心
auto.log.debug,1800,核心
auto.log.info,1801,核心
auto.log.warn,1802,核心
auto.log.error,1803,核心
auto.log.noop,1804,核心
auto.math.abs,1700,核心
auto.math.min,1701,核心
auto.math.max,1702,核心
auto.math.sqrt,1750,核心
auto.math.floor,1710,核心
auto.math.ceil,1711,核心
auto.math.round,1712,核心
auto.math.pow,1713,核心
auto.math.min_f,1714,核心
auto.math.max_f,1715,核心
auto.math.sin,1716,核心
auto.math.cos,1717,核心
auto.math.tan,1718,核心
auto.math.exp,1719,核心
auto.math.ln,1720,核心
auto.math.log2,1721,核心
auto.math.log10,1722,核心
auto.math.abs_f,1723,核心
auto.math.signum,1724,核心
auto.math.clamp,1725,核心
auto.math.asin,1726,核心
auto.math.acos,1727,核心
auto.math.atan,1728,核心
auto.math.atan2,1729,核心
auto.math.powi,1730,核心
auto.math.powf,1731,核心
auto.math.to_radians,1732,核心
auto.math.to_degrees,1733,核心
auto.rand.thread_rng,1850,核心
auto.rng.gen_range,1851,核心
auto.rng.gen,1852,核心
auto.rng.drop,1853,核心
auto.rand.random,1854,核心
auto.json.encode,1900,核心
auto.json.decode,1901,核心
auto.json.parse,1902,核心
auto.json.prettify,1903,核心
auto.json.minify,1904,核心
auto.json.is_valid,1905,核心
auto.json.get,1906,核心
auto.json.get_at,1907,核心
auto.json.len,1908,核心
auto.json.type_of,1909,核心
auto.json.as_string,1910,核心
auto.json.as_number,1911,核心
auto.json.as_int,1912,核心
auto.json.as_bool,1913,核心
auto.json.is_null,1914,核心
auto.json.keys,1915,核心
auto.json.has_key,1917,核心
auto.json.to_value,3100,核心
auto.json.from_value,3101,核心
auto.http.get_json,3102,剔除(UI/异步)
auto.http.post_json,3103,剔除(UI/异步)
auto.http.put_json,3104,剔除(UI/异步)
auto.http.delete_json,3105,剔除(UI/异步)
auto.http.patch_json,3107,剔除(UI/异步)
auto.http.sse_get_stream,3106,剔除(UI/异步)
auto.serde_json.to_string,1900,核心
auto.json.to_string,1900,核心
auto.serde_json.from_str,1902,核心
auto.toml.from_str,2750,核心
auto.toml.to_string,2751,核心
auto.url.encode,2000,核心
auto.url.decode,2001,核心
auto.url.encode_query,2002,核心
auto.url.decode_query,2003,核心
auto.url.parse,2006,核心
auto.url.scheme,2007,核心
auto.url.host,2008,核心
auto.url.port,2009,核心
auto.url.path,2010,核心
auto.url.query,2011,核心
auto.url.fragment,2012,核心
auto.url.join_path,2015,核心
auto.net.tcp_bind,2100,核心
auto.net.tcp_listener_accept,2101,核心
auto.net.tcp_listener_local_addr,2102,核心
auto.net.tcp_listener_close,2103,核心
auto.net.tcp_connect,2104,核心
auto.net.tcp_stream_read,2105,核心
auto.net.tcp_stream_write,2106,核心
auto.net.tcp_stream_read_all,2107,核心
auto.net.tcp_stream_read_line,2108,核心
auto.net.tcp_stream_write_str,2109,核心
auto.net.tcp_stream_close,2110,核心
auto.net.tcp_stream_peer_addr,2111,核心
auto.net.tcp_stream_set_read_timeout,2112,核心
auto.net.tcp_stream_set_write_timeout,2113,核心
auto.net.tcp_stream_flush,2114,核心
auto.net.tcp_stream_set_nodelay,2115,核心
auto.http.server,2200,剔除(UI/异步)
auto.http.server_get,2201,剔除(UI/异步)
auto.http.server_post,2202,剔除(UI/异步)
auto.http.server_put,2203,剔除(UI/异步)
auto.http.server_delete,2204,剔除(UI/异步)
auto.http.server_static,2205,剔除(UI/异步)
auto.http.server_listen,2206,剔除(UI/异步)
auto.http.response,2210,剔除(UI/异步)
auto.http.response_status,2211,剔除(UI/异步)
auto.http.response_header,2212,剔除(UI/异步)
auto.http.response_text,2213,剔除(UI/异步)
auto.http.response_html,2214,剔除(UI/异步)
auto.http.response_bytes,2215,剔除(UI/异步)
auto.http.response_redirect,3108,剔除(UI/异步)
auto.http.rate_limit,3109,剔除(UI/异步)
auto.http.response.redirect,2219,剔除(UI/异步)
auto.session.create,2284,核心
auto.session.get,2285,核心
auto.session.set,2286,核心
auto.session.destroy,2287,核心
auto.http.server_use,2288,剔除(UI/异步)
auto.http.server_middleware,2288,剔除(UI/异步)
auto.template.compile,2289,核心
auto.template.render,2290,核心
auto.openapi.generate,2291,核心
auto.http.response.status_code,2216,剔除(UI/异步)
auto.http.response.header_get,2217,剔除(UI/异步)
auto.http.response.body,2218,剔除(UI/异步)
auto.http.ok,2220,剔除(UI/异步)
auto.http.created,2221,剔除(UI/异步)
auto.http.bad_request,2222,剔除(UI/异步)
auto.http.not_found,2223,剔除(UI/异步)
auto.http.internal_error,2224,剔除(UI/异步)
auto.http.get,2230,剔除(UI/异步)
auto.http.post,2231,剔除(UI/异步)
auto.http.put,2232,剔除(UI/异步)
auto.http.delete,2233,剔除(UI/异步)
auto.http.request,2234,剔除(UI/异步)
auto.http.request_builder_header,2235,剔除(UI/异步)
auto.http.request_builder_body,2236,剔除(UI/异步)
auto.http.request_builder_timeout,2237,剔除(UI/异步)
auto.http.request_builder_json,2238,剔除(UI/异步)
auto.http.request_builder_send,2239,剔除(UI/异步)
auto.http_stream.get_stream,2240,核心
auto.http_stream.post_stream,2241,核心
auto.http_stream.stream_next,2242,核心
auto.http_stream.stream_is_done,2243,核心
auto.http_stream.stream_close,2244,核心
auto.http_stream.stream_iter,2245,核心
auto.http.post_stream_with_headers,2255,剔除(UI/异步)
auto.http.post_sync,2256,剔除(UI/异步)
auto.http.last_status,2257,剔除(UI/异步)
auto.http.post_bearer,2258,剔除(UI/异步)
auto.http.listen,2259,剔除(UI/异步)
auto.http.get_sync,2253,剔除(UI/异步)
auto.http.upload,2270,剔除(UI/异步)
auto.http.download,2271,剔除(UI/异步)
auto.http.download_resume,2272,剔除(UI/异步)
auto.http.download_with_progress,2273,剔除(UI/异步)
auto.ws.connect,2280,剔除(UI/异步)
auto.ws.send,2281,剔除(UI/异步)
auto.ws.on_message,2282,剔除(UI/异步)
auto.ws.close,2283,剔除(UI/异步)
auto.task.spawn,2300,剔除(UI/异步)
auto.task.send,2301,剔除(UI/异步)
auto.task.handle_is_null,2302,剔除(UI/异步)
auto.task.handle_type,2303,剔除(UI/异步)
auto.task.handle_id,2304,剔除(UI/异步)
auto.task.send_await,2308,剔除(UI/异步)
auto.task.ask,2309,剔除(UI/异步)
auto.ctx.reply,2310,核心
auto.task.singleton_send,2311,剔除(UI/异步)
auto.task_system.start,2305,核心
auto.task_system.run,2306,核心
auto.task_system.stop,2307,核心
auto.regex.is_match,2400,核心
auto.regex.find_all,2401,核心
auto.regex.match,2410,核心
auto.sys.exec,2420,核心
auto.fs.is_binary,2430,核心
auto.re_opaque.new,2450,核心
auto.re_opaque.is_match,2451,核心
auto.re_opaque.find,2452,核心
auto.re_opaque.find_all,2453,核心
auto.re_opaque.replace_all,2454,核心
auto.re_opaque.captures,2455,核心
auto.re_opaque.drop,2459,核心
auto.url_opaque.parse,2500,核心
auto.url_opaque.scheme,2501,核心
auto.url_opaque.host_str,2502,核心
auto.url_opaque.path,2503,核心
auto.url_opaque.fragment,2504,核心
auto.url_opaque.port,2505,核心
auto.url_opaque.query_pairs,2506,核心
auto.url_opaque.join,2507,核心
auto.url_opaque.origin,2508,核心
auto.url_opaque.drop,2509,核心
auto.url_opaque.query,2510,核心
auto.url_opaque.to_string,2511,核心
auto.semver_opaque.parse,2600,核心
auto.semver_opaque.major,2601,核心
auto.semver_opaque.minor,2602,核心
auto.semver_opaque.patch,2603,核心
auto.semver_opaque.pre,2604,核心
auto.semver_opaque.to_string,2605,核心
auto.semver_opaque.cmp_gt,2606,核心
auto.semver_opaque.drop,2609,核心
auto.chrono_opaque.local_now,2700,核心
auto.chrono_opaque.year,2701,核心
auto.chrono_opaque.month,2702,核心
auto.chrono_opaque.day,2703,核心
auto.chrono_opaque.hour,2704,核心
auto.chrono_opaque.minute,2705,核心
auto.chrono_opaque.second,2706,核心
auto.chrono_opaque.timestamp,2707,核心
auto.chrono_opaque.format,2708,核心
auto.chrono_opaque.drop,2709,核心
auto.base64.encode,2710,核心
auto.base64.decode,2711,核心
auto.hex.encode,2720,核心
auto.hex.decode,2721,核心
auto.sha2_opaque.sha256_new,2730,核心
auto.sha2_opaque.update,2731,核心
auto.sha2_opaque.finalize,2732,核心
auto.sha2_opaque.drop,2739,核心
auto.mime.from_path,2740,核心
auto.test.run_a2r_dir,2826,核心
auto.test.run_vm_dir,2827,核心
auto.test.run_a2c_dir,2828,核心
auto.test.run_a2ts_dir,2829,核心
auto.io.lines,2830,核心
io.lines,2830,核心
auto.io.chunks,2831,核心
io.chunks,2831,核心
auto.io.eprint,2832,核心
auto.io.eprintln,2833,核心
auto.fs.entries,2834,核心
auto.io.buffered_writer,2835,核心
io.buffered_writer,2835,核心
auto.io.buffered_reader,2836,核心
io.buffered_reader,2836,核心
auto.io.open,2840,核心
io.open,2840,核心
auto.path.new,2844,核心
auto.io.scanner,2848,核心
io.scanner,2848,核心
auto.io.read_text_async,2849,核心
io.read_text_async,2849,核心
auto.io.write_text_async,2850,核心
io.write_text_async,2850,核心
auto.rust_stdlib.dispatch,3000,核心
auto.option.or,1550,核心
auto.option.unwrap_or,1551,核心
auto.result.map_err,2070,核心
auto.result.Ok.map_err,2070,核心
auto.result.Err.map_err,2070,核心
auto.semver_opaque_versionreq.parse,2610,核心
auto.semver_opaque_versionreq.matches,2611,核心
